<?xml version="1.0" encoding="UTF-8"?>
<project-private xmlns="http://www.netbeans.org/ns/project-private/1">
    <editor-bookmarks xmlns="http://www.netbeans.org/ns/editor-bookmarks/2" lastBookmarkId="0"/>
    <open-files xmlns="http://www.netbeans.org/ns/projectui-open-files/2">
        <group>
            <file>file:/C:/Users/ma7md/Documents/NetBeansProjects/Network_Project_8/src/network_project/WebsiteInterface.java</file>
            <file>file:/C:/Users/ma7md/Documents/NetBeansProjects/Network_Project_8/src/network_project/NewClient.java</file>
            <file>file:/C:/Users/ma7md/Documents/NetBeansProjects/Network_Project_8/src/network_project/Login.java</file>
            <file>file:/C:/Users/ma7md/Documents/NetBeansProjects/Network_Project_8/src/network_project/RegisterAndLogin.java</file>
            <file>file:/C:/Users/ma7md/Documents/NetBeansProjects/Network_Project_8/src/network_project/MyAccount.java</file>
            <file>file:/C:/Users/ma7md/Documents/NetBeansProjects/Network_Project_8/src/network_project/ReservationTime.java</file>
            <file>file:/C:/Users/ma7md/Documents/NetBeansProjects/Network_Project_8/src/network_project/NewServer.java</file>
        </group>
    </open-files>
</project-private>
