<?xml version="1.0" encoding="UTF-8"?>
<project-private xmlns="http://www.netbeans.org/ns/project-private/1">
    <editor-bookmarks xmlns="http://www.netbeans.org/ns/editor-bookmarks/2" lastBookmarkId="0"/>
    <open-files xmlns="http://www.netbeans.org/ns/projectui-open-files/2">
        <group>
            <file>file:/C:/Users/waada/OneDrive/Desktop/New%20Folder/Network_Project/Network_Project/src/network_project/NewServer.java</file>
            <file>file:/C:/Users/waada/OneDrive/Desktop/New%20Folder/Network_Project/Network_Project/src/network_project/WebsiteInterface.java</file>
            <file>file:/C:/Users/waada/OneDrive/Desktop/New%20Folder/Network_Project/Network_Project/src/network_project/RegisterAndLogin.java</file>
            <file>file:/C:/Users/waada/OneDrive/Desktop/New%20Folder/Network_Project/Network_Project/src/network_project/Client.java</file>
            <file>file:/C:/Users/waada/OneDrive/Desktop/New%20Folder/Network_Project/Network_Project/src/network_project/NewClient.java</file>
        </group>
    </open-files>
</project-private>
