<?xml version="1.0" encoding="UTF-8"?>
<project-private xmlns="http://www.netbeans.org/ns/project-private/1">
    <editor-bookmarks xmlns="http://www.netbeans.org/ns/editor-bookmarks/2" lastBookmarkId="0"/>
    <open-files xmlns="http://www.netbeans.org/ns/projectui-open-files/2">
        <group>
            <file>file:/C:/Users/memem/Downloads/LATEST%20(3)/LATEST/Network_Project_8/src/network_project/MakeReservation.java</file>
            <file>file:/C:/Users/memem/Downloads/LATEST%20(3)/LATEST/Network_Project_8/src/network_project/Client.java</file>
            <file>file:/C:/Users/memem/Downloads/LATEST%20(3)/LATEST/Network_Project_8/src/network_project/AddNewReservations.java</file>
            <file>file:/C:/Users/memem/Downloads/LATEST%20(3)/LATEST/Network_Project_8/src/network_project/ReservationServer.java</file>
            <file>file:/C:/Users/memem/Downloads/LATEST%20(3)/LATEST/Network_Project_8/src/network_project/ReservationTime.java</file>
        </group>
    </open-files>
</project-private>
